Pauli-X,Prob meas0 prep1,Prob meas1 prep0,T1 (us),T2 (us),gate time (ns)
0.0002948145862764803,0.03739999999999999,0.0132,109.93,32.57,295.11
